"linter","tags"
"abbreviate_signature_linter","signature"
"abs_signature_linter","signature"
"acos_signature_linter","signature"
"acosh_signature_linter","signature"
"activeBindingFunction_signature_linter","signature"
"addNA_signature_linter","signature"
"addTaskCallback_signature_linter","signature"
"agrep_signature_linter","signature"
"agrepl_signature_linter","signature"
"all_names_signature_linter","signature"
"all_vars_signature_linter","signature"
"allowInterrupts_signature_linter","signature"
"anyNA_signature_linter","signature"
"anyNA_data_frame_signature_linter","signature"
"anyNA_numeric_version_signature_linter","signature"
"anyNA_POSIXlt_signature_linter","signature"
"append_signature_linter","signature"
"Arg_signature_linter","signature"
"args_signature_linter","signature"
"array_signature_linter","signature"
"arrayInd_signature_linter","signature"
"as_call_signature_linter","signature"
"as_difftime_signature_linter","signature"
"as_environment_signature_linter","signature"
"as_factor_signature_linter","signature"
"as_hexmode_signature_linter","signature"
"as_name_signature_linter","signature"
"as_numeric_version_signature_linter","signature"
"as_octmode_signature_linter","signature"
"as_ordered_signature_linter","signature"
"as_package_version_signature_linter","signature"
"as_pairlist_signature_linter","signature"
"as_qr_signature_linter","signature"
"as_raw_signature_linter","signature"
"as_symbol_signature_linter","signature"
"as_vector_signature_linter","signature"
"as_vector_data_frame_signature_linter","signature"
"as_vector_factor_signature_linter","signature"
"as_vector_POSIXlt_signature_linter","signature"
"asin_signature_linter","signature"
"asinh_signature_linter","signature"
"asNamespace_signature_linter","signature"
"asplit_signature_linter","signature"
"assign_signature_linter","signature"
"atan_signature_linter","signature"
"atanh_signature_linter","signature"
"attach_signature_linter","signature"
"attachNamespace_signature_linter","signature"
"attr_signature_linter","signature"
"attributes_signature_linter","signature"
"backsolve_signature_linter","signature"
"balancePOSIXlt_signature_linter","signature"
"basename_signature_linter","signature"
"besselI_signature_linter","signature"
"besselJ_signature_linter","signature"
"besselK_signature_linter","signature"
"besselY_signature_linter","signature"
"beta_signature_linter","signature"
"bindingIsActive_signature_linter","signature"
"bindingIsLocked_signature_linter","signature"
"bindtextdomain_signature_linter","signature"
"bitwAnd_signature_linter","signature"
"bitwNot_signature_linter","signature"
"bitwOr_signature_linter","signature"
"bitwShiftL_signature_linter","signature"
"bitwShiftR_signature_linter","signature"
"bitwXor_signature_linter","signature"
"body_signature_linter","signature"
"bquote_signature_linter","signature"
"browser_signature_linter","signature"
"browserCondition_signature_linter","signature"
"browserSetDebug_signature_linter","signature"
"browserText_signature_linter","signature"
"builtins_signature_linter","signature"
"bzfile_signature_linter","signature"
"callCC_signature_linter","signature"
"capabilities_signature_linter","signature"
"casefold_signature_linter","signature"
"ceiling_signature_linter","signature"
"char_expand_signature_linter","signature"
"character_signature_linter","signature"
"charmatch_signature_linter","signature"
"charToRaw_signature_linter","signature"
"chartr_signature_linter","signature"
"choose_signature_linter","signature"
"chooseOpsMethod_signature_linter","signature"
"chooseOpsMethod_default_signature_linter","signature"
"class_signature_linter","signature"
"clearPushBack_signature_linter","signature"
"col_signature_linter","signature"
"colMeans_signature_linter","signature"
"colnames_signature_linter","signature"
"colSums_signature_linter","signature"
"commandArgs_signature_linter","signature"
"comment_signature_linter","signature"
"complex_signature_linter","signature"
"computeRestarts_signature_linter","signature"
"conditionCall_signature_linter","signature"
"conditionCall_condition_signature_linter","signature"
"conditionMessage_signature_linter","signature"
"conditionMessage_condition_signature_linter","signature"
"conflictRules_signature_linter","signature"
"conflicts_signature_linter","signature"
"Conj_signature_linter","signature"
"cos_signature_linter","signature"
"cosh_signature_linter","signature"
"cospi_signature_linter","signature"
"cummax_signature_linter","signature"
"cummin_signature_linter","signature"
"cumprod_signature_linter","signature"
"cumsum_signature_linter","signature"
"curlGetHeaders_signature_linter","signature"
"data_class_signature_linter","signature"
"data_matrix_signature_linter","signature"
"debug_signature_linter","signature"
"debuggingState_signature_linter","signature"
"debugonce_signature_linter","signature"
"delayedAssign_signature_linter","signature"
"deparse_signature_linter","signature"
"detach_signature_linter","signature"
"dget_signature_linter","signature"
"diag_signature_linter","signature"
"difftime_signature_linter","signature"
"digamma_signature_linter","signature"
"dim_signature_linter","signature"
"dim_data_frame_signature_linter","signature"
"dimnames_signature_linter","signature"
"dimnames_data_frame_signature_linter","signature"
"dir_signature_linter","signature"
"dir_create_signature_linter","signature"
"dir_exists_signature_linter","signature"
"dirname_signature_linter","signature"
"do_call_signature_linter","signature"
"dontCheck_signature_linter","signature"
"double_signature_linter","signature"
"dput_signature_linter","signature"
"dQuote_signature_linter","signature"
"drop_signature_linter","signature"
"dump_signature_linter","signature"
"dyn_unload_signature_linter","signature"
"dynGet_signature_linter","signature"
"eigen_signature_linter","signature"
"encodeString_signature_linter","signature"
"Encoding_signature_linter","signature"
"endsWith_signature_linter","signature"
"enquote_signature_linter","signature"
"env_profile_signature_linter","signature"
"environment_signature_linter","signature"
"environmentIsLocked_signature_linter","signature"
"environmentName_signature_linter","signature"
"eval_signature_linter","signature"
"eval_parent_signature_linter","signature"
"evalq_signature_linter","signature"
"Exec_signature_linter","signature"
"exists_signature_linter","signature"
"exp_signature_linter","signature"
"factor_signature_linter","signature"
"factorial_signature_linter","signature"
"fifo_signature_linter","signature"
"file_signature_linter","signature"
"file_access_signature_linter","signature"
"file_append_signature_linter","signature"
"file_choose_signature_linter","signature"
"file_copy_signature_linter","signature"
"file_link_signature_linter","signature"
"file_rename_signature_linter","signature"
"file_symlink_signature_linter","signature"
"Filter_signature_linter","signature"
"Find_signature_linter","signature"
"find_package_signature_linter","signature"
"findInterval_signature_linter","signature"
"findPackageEnv_signature_linter","signature"
"findRestart_signature_linter","signature"
"floor_signature_linter","signature"
"flush_signature_linter","signature"
"flush_connection_signature_linter","signature"
"force_signature_linter","signature"
"formals_signature_linter","signature"
"format_info_signature_linter","signature"
"formatC_signature_linter","signature"
"formatDL_signature_linter","signature"
"forwardsolve_signature_linter","signature"
"gamma_signature_linter","signature"
"gc_signature_linter","signature"
"gc_time_signature_linter","signature"
"gcinfo_signature_linter","signature"
"gctorture_signature_linter","signature"
"get_signature_linter","signature"
"getCallingDLL_signature_linter","signature"
"getCallingDLLe_signature_linter","signature"
"getConnection_signature_linter","signature"
"getDLLRegisteredRoutines_signature_linter","signature"
"getDLLRegisteredRoutines_character_signature_linter","signature"
"getDLLRegisteredRoutines_DLLInfo_signature_linter","signature"
"getElement_signature_linter","signature"
"getExportedValue_signature_linter","signature"
"getNamespace_signature_linter","signature"
"getNamespaceExports_signature_linter","signature"
"getNamespaceImports_signature_linter","signature"
"getNamespaceInfo_signature_linter","signature"
"getNamespaceName_signature_linter","signature"
"getNamespaceUsers_signature_linter","signature"
"getNamespaceVersion_signature_linter","signature"
"getNativeSymbolInfo_signature_linter","signature"
"getOption_signature_linter","signature"
"getSrcLines_signature_linter","signature"
"gl_signature_linter","signature"
"gregexec_signature_linter","signature"
"gregexpr_signature_linter","signature"
"grep_signature_linter","signature"
"grepl_signature_linter","signature"
"grepRaw_signature_linter","signature"
"grepv_signature_linter","signature"
"gsub_signature_linter","signature"
"gzcon_signature_linter","signature"
"gzfile_signature_linter","signature"
"I_signature_linter","signature"
"iconv_signature_linter","signature"
"icuGetCollate_signature_linter","signature"
"identical_signature_linter","signature"
"identity_signature_linter","signature"
"ifelse_signature_linter","signature"
"Im_signature_linter","signature"
"importIntoEnv_signature_linter","signature"
"infoRDS_signature_linter","signature"
"inherits_signature_linter","signature"
"integer_signature_linter","signature"
"intersect_signature_linter","signature"
"intToBits_signature_linter","signature"
"invisible_signature_linter","signature"
"invokeRestartInteractively_signature_linter","signature"
"is_array_signature_linter","signature"
"is_atomic_signature_linter","signature"
"is_call_signature_linter","signature"
"is_character_signature_linter","signature"
"is_complex_signature_linter","signature"
"is_data_frame_signature_linter","signature"
"is_double_signature_linter","signature"
"is_element_signature_linter","signature"
"is_environment_signature_linter","signature"
"is_expression_signature_linter","signature"
"is_factor_signature_linter","signature"
"is_finite_signature_linter","signature"
"is_finite_POSIXlt_signature_linter","signature"
"is_function_signature_linter","signature"
"is_infinite_signature_linter","signature"
"is_infinite_POSIXlt_signature_linter","signature"
"is_integer_signature_linter","signature"
"is_language_signature_linter","signature"
"is_list_signature_linter","signature"
"is_loaded_signature_linter","signature"
"is_logical_signature_linter","signature"
"is_matrix_signature_linter","signature"
"is_na_signature_linter","signature"
"is_na_data_frame_signature_linter","signature"
"is_na_numeric_version_signature_linter","signature"
"is_na_POSIXlt_signature_linter","signature"
"is_name_signature_linter","signature"
"is_nan_signature_linter","signature"
"is_nan_POSIXlt_signature_linter","signature"
"is_null_signature_linter","signature"
"is_numeric_signature_linter","signature"
"is_numeric_version_signature_linter","signature"
"is_numeric_Date_signature_linter","signature"
"is_numeric_difftime_signature_linter","signature"
"is_numeric_POSIXt_signature_linter","signature"
"is_object_signature_linter","signature"
"is_ordered_signature_linter","signature"
"is_package_version_signature_linter","signature"
"is_pairlist_signature_linter","signature"
"is_primitive_signature_linter","signature"
"is_qr_signature_linter","signature"
"is_raw_signature_linter","signature"
"is_recursive_signature_linter","signature"
"is_single_signature_linter","signature"
"is_symbol_signature_linter","signature"
"is_table_signature_linter","signature"
"is_unsorted_signature_linter","signature"
"is_vector_signature_linter","signature"
"isa_signature_linter","signature"
"isatty_signature_linter","signature"
"isBaseNamespace_signature_linter","signature"
"isdebugged_signature_linter","signature"
"isFALSE_signature_linter","signature"
"isIncomplete_signature_linter","signature"
"isNamespace_signature_linter","signature"
"isNamespaceLoaded_signature_linter","signature"
"ISOdate_signature_linter","signature"
"ISOdatetime_signature_linter","signature"
"isOpen_signature_linter","signature"
"isRestart_signature_linter","signature"
"isSeekable_signature_linter","signature"
"isTRUE_signature_linter","signature"
"jitter_signature_linter","signature"
"La_svd_signature_linter","signature"
"lazyLoad_signature_linter","signature"
"lazyLoadDBexec_signature_linter","signature"
"lazyLoadDBfetch_signature_linter","signature"
"lbeta_signature_linter","signature"
"lchoose_signature_linter","signature"
"length_signature_linter","signature"
"length_POSIXlt_signature_linter","signature"
"lengths_signature_linter","signature"
"levels_signature_linter","signature"
"levels_default_signature_linter","signature"
"lfactorial_signature_linter","signature"
"lgamma_signature_linter","signature"
"library_signature_linter","signature"
"library_dynam_unload_signature_linter","signature"
"list_dirs_signature_linter","signature"
"list_files_signature_linter","signature"
"load_signature_linter","signature"
"loadNamespace_signature_linter","signature"
"local_signature_linter","signature"
"lockBinding_signature_linter","signature"
"lockEnvironment_signature_linter","signature"
"log_signature_linter","signature"
"logb_signature_linter","signature"
"logical_signature_linter","signature"
"lower_tri_signature_linter","signature"
"ls_signature_linter","signature"
"make_names_signature_linter","signature"
"make_unique_signature_linter","signature"
"makeActiveBinding_signature_linter","signature"
"margin_table_signature_linter","signature"
"marginSums_signature_linter","signature"
"mat_or_vec_signature_linter","signature"
"match_signature_linter","signature"
"match_arg_signature_linter","signature"
"match_call_signature_linter","signature"
"match_fun_signature_linter","signature"
"matrix_signature_linter","signature"
"max_col_signature_linter","signature"
"mem_maxNSize_signature_linter","signature"
"mem_maxVSize_signature_linter","signature"
"memCompress_signature_linter","signature"
"memDecompress_signature_linter","signature"
"mget_signature_linter","signature"
"missing_signature_linter","signature"
"Mod_signature_linter","signature"
"mode_signature_linter","signature"
"months_signature_linter","signature"
"months_Date_signature_linter","signature"
"months_POSIXt_signature_linter","signature"
"mtfrm_signature_linter","signature"
"mtfrm_Date_signature_linter","signature"
"mtfrm_default_signature_linter","signature"
"mtfrm_POSIXct_signature_linter","signature"
"mtfrm_POSIXlt_signature_linter","signature"
"nameOfClass_signature_linter","signature"
"nameOfClass_default_signature_linter","signature"
"names_signature_linter","signature"
"names_POSIXlt_signature_linter","signature"
"namespaceExport_signature_linter","signature"
"namespaceImportClasses_signature_linter","signature"
"namespaceImportFrom_signature_linter","signature"
"namespaceImportMethods_signature_linter","signature"
"nchar_signature_linter","signature"
"ncol_signature_linter","signature"
"NCOL_signature_linter","signature"
"Negate_signature_linter","signature"
"new_env_signature_linter","signature"
"ngettext_signature_linter","signature"
"nlevels_signature_linter","signature"
"noquote_signature_linter","signature"
"norm_signature_linter","signature"
"normalizePath_signature_linter","signature"
"nrow_signature_linter","signature"
"NROW_signature_linter","signature"
"numeric_signature_linter","signature"
"numeric_version_signature_linter","signature"
"numToBits_signature_linter","signature"
"numToInts_signature_linter","signature"
"nzchar_signature_linter","signature"
"objects_signature_linter","signature"
"oldClass_signature_linter","signature"
"OlsonNames_signature_linter","signature"
"on_exit_signature_linter","signature"
"Ops_data_frame_signature_linter","signature"
"Ops_Date_signature_linter","signature"
"Ops_difftime_signature_linter","signature"
"Ops_factor_signature_linter","signature"
"Ops_numeric_version_signature_linter","signature"
"Ops_ordered_signature_linter","signature"
"Ops_POSIXt_signature_linter","signature"
"package_version_signature_linter","signature"
"packageEvent_signature_linter","signature"
"packageHasNamespace_signature_linter","signature"
"packageNotFoundError_signature_linter","signature"
"packBits_signature_linter","signature"
"parent_env_signature_linter","signature"
"parent_frame_signature_linter","signature"
"parse_signature_linter","signature"
"parseNamespaceFile_signature_linter","signature"
"path_expand_signature_linter","signature"
"path_package_signature_linter","signature"
"pipe_signature_linter","signature"
"pmatch_signature_linter","signature"
"polyroot_signature_linter","signature"
"pos_to_env_signature_linter","signature"
"Position_signature_linter","signature"
"prop_table_signature_linter","signature"
"proportions_signature_linter","signature"
"provideDimnames_signature_linter","signature"
"psigamma_signature_linter","signature"
"pushBack_signature_linter","signature"
"pushBackLength_signature_linter","signature"
"q_signature_linter","signature"
"qr_coef_signature_linter","signature"
"qr_fitted_signature_linter","signature"
"qr_Q_signature_linter","signature"
"qr_qty_signature_linter","signature"
"qr_qy_signature_linter","signature"
"qr_R_signature_linter","signature"
"qr_resid_signature_linter","signature"
"qr_solve_signature_linter","signature"
"qr_X_signature_linter","signature"
"quarters_signature_linter","signature"
"quit_signature_linter","signature"
"quote_signature_linter","signature"
"R_system_version_signature_linter","signature"
"R_home_signature_linter","signature"
"rank_signature_linter","signature"
"raw_signature_linter","signature"
"rawConnection_signature_linter","signature"
"rawConnectionValue_signature_linter","signature"
"rawShift_signature_linter","signature"
"rawToBits_signature_linter","signature"
"rawToChar_signature_linter","signature"
"Re_signature_linter","signature"
"read_dcf_signature_linter","signature"
"readBin_signature_linter","signature"
"readChar_signature_linter","signature"
"readline_signature_linter","signature"
"readLines_signature_linter","signature"
"readRDS_signature_linter","signature"
"readRenviron_signature_linter","signature"
"Reduce_signature_linter","signature"
"reg_finalizer_signature_linter","signature"
"regexec_signature_linter","signature"
"regexpr_signature_linter","signature"
"regmatches_signature_linter","signature"
"removeTaskCallback_signature_linter","signature"
"rep_len_signature_linter","signature"
"rep_int_signature_linter","signature"
"replace_signature_linter","signature"
"replicate_signature_linter","signature"
"require_signature_linter","signature"
"restartDescription_signature_linter","signature"
"restartFormals_signature_linter","signature"
"retracemem_signature_linter","signature"
"returnValue_signature_linter","signature"
"rev_signature_linter","signature"
"rev_default_signature_linter","signature"
"rle_signature_linter","signature"
"RNGkind_signature_linter","signature"
"RNGversion_signature_linter","signature"
"round_POSIXt_signature_linter","signature"
"row_signature_linter","signature"
"row_names_signature_linter","signature"
"row_names_data_frame_signature_linter","signature"
"row_names_default_signature_linter","signature"
"rowMeans_signature_linter","signature"
"rownames_signature_linter","signature"
"rowSums_signature_linter","signature"
"sample_signature_linter","signature"
"sample_int_signature_linter","signature"
"save_image_signature_linter","signature"
"saveRDS_signature_linter","signature"
"scale_signature_linter","signature"
"scale_default_signature_linter","signature"
"scan_signature_linter","signature"
"seq_along_signature_linter","signature"
"seq_len_signature_linter","signature"
"serialize_signature_linter","signature"
"serverSocket_signature_linter","signature"
"set_seed_signature_linter","signature"
"setdiff_signature_linter","signature"
"setequal_signature_linter","signature"
"setHook_signature_linter","signature"
"setNamespaceInfo_signature_linter","signature"
"setSessionTimeLimit_signature_linter","signature"
"setTimeLimit_signature_linter","signature"
"setwd_signature_linter","signature"
"showConnections_signature_linter","signature"
"shQuote_signature_linter","signature"
"sign_signature_linter","signature"
"signalCondition_signature_linter","signature"
"signif_signature_linter","signature"
"simpleCondition_signature_linter","signature"
"simpleError_signature_linter","signature"
"simpleMessage_signature_linter","signature"
"simpleWarning_signature_linter","signature"
"sin_signature_linter","signature"
"single_signature_linter","signature"
"sinh_signature_linter","signature"
"sink_signature_linter","signature"
"sink_number_signature_linter","signature"
"sinpi_signature_linter","signature"
"slice_index_signature_linter","signature"
"socketAccept_signature_linter","signature"
"socketConnection_signature_linter","signature"
"socketSelect_signature_linter","signature"
"socketTimeout_signature_linter","signature"
"sort_int_signature_linter","signature"
"sort_list_signature_linter","signature"
"source_signature_linter","signature"
"sqrt_signature_linter","signature"
"sQuote_signature_linter","signature"
"srcfile_signature_linter","signature"
"srcfilealias_signature_linter","signature"
"srcfilecopy_signature_linter","signature"
"srcref_signature_linter","signature"
"standardGeneric_signature_linter","signature"
"startsWith_signature_linter","signature"
"storage_mode_signature_linter","signature"
"strptime_signature_linter","signature"
"strrep_signature_linter","signature"
"strsplit_signature_linter","signature"
"strtoi_signature_linter","signature"
"strtrim_signature_linter","signature"
"strwrap_signature_linter","signature"
"sub_signature_linter","signature"
"substitute_signature_linter","signature"
"substr_signature_linter","signature"
"substring_signature_linter","signature"
"suppressMessages_signature_linter","signature"
"suppressPackageStartupMessages_signature_linter","signature"
"suppressWarnings_signature_linter","signature"
"suspendInterrupts_signature_linter","signature"
"svd_signature_linter","signature"
"sys_call_signature_linter","signature"
"Sys_chmod_signature_linter","signature"
"sys_frame_signature_linter","signature"
"sys_function_signature_linter","signature"
"Sys_getenv_signature_linter","signature"
"Sys_getlocale_signature_linter","signature"
"Sys_glob_signature_linter","signature"
"sys_load_image_signature_linter","signature"
"sys_parent_signature_linter","signature"
"Sys_readlink_signature_linter","signature"
"sys_save_image_signature_linter","signature"
"Sys_setFileTime_signature_linter","signature"
"Sys_setLanguage_signature_linter","signature"
"Sys_setlocale_signature_linter","signature"
"Sys_sleep_signature_linter","signature"
"sys_source_signature_linter","signature"
"Sys_timezone_signature_linter","signature"
"Sys_umask_signature_linter","signature"
"Sys_unsetenv_signature_linter","signature"
"Sys_which_signature_linter","signature"
"system_signature_linter","signature"
"system_time_signature_linter","signature"
"t_signature_linter","signature"
"t_data_frame_signature_linter","signature"
"t_default_signature_linter","signature"
"tabulate_signature_linter","signature"
"tan_signature_linter","signature"
"tanh_signature_linter","signature"
"tanpi_signature_linter","signature"
"taskCallbackManager_signature_linter","signature"
"tempdir_signature_linter","signature"
"tempfile_signature_linter","signature"
"textConnection_signature_linter","signature"
"textConnectionValue_signature_linter","signature"
"tolower_signature_linter","signature"
"topenv_signature_linter","signature"
"toupper_signature_linter","signature"
"trace_signature_linter","signature"
"traceback_signature_linter","signature"
"tracemem_signature_linter","signature"
"tracingState_signature_linter","signature"
"trigamma_signature_linter","signature"
"trimws_signature_linter","signature"
"try_signature_linter","signature"
"typeof_signature_linter","signature"
"unCfillPOSIXlt_signature_linter","signature"
"unclass_signature_linter","signature"
"undebug_signature_linter","signature"
"union_signature_linter","signature"
"units_signature_linter","signature"
"units_difftime_signature_linter","signature"
"unlink_signature_linter","signature"
"unlist_signature_linter","signature"
"unloadNamespace_signature_linter","signature"
"unlockBinding_signature_linter","signature"
"unname_signature_linter","signature"
"unserialize_signature_linter","signature"
"unsplit_signature_linter","signature"
"untrace_signature_linter","signature"
"untracemem_signature_linter","signature"
"unz_signature_linter","signature"
"upper_tri_signature_linter","signature"
"url_signature_linter","signature"
"use_signature_linter","signature"
"UseMethod_signature_linter","signature"
"validEnc_signature_linter","signature"
"vector_signature_linter","signature"
"Vectorize_signature_linter","signature"
"weekdays_signature_linter","signature"
"weekdays_Date_signature_linter","signature"
"weekdays_POSIXt_signature_linter","signature"
"which_signature_linter","signature"
"which_max_signature_linter","signature"
"which_min_signature_linter","signature"
"withVisible_signature_linter","signature"
"write_signature_linter","signature"
"write_dcf_signature_linter","signature"
"writeBin_signature_linter","signature"
"writeChar_signature_linter","signature"
"writeLines_signature_linter","signature"
"xor_signature_linter","signature"
"xpdrows_data_frame_signature_linter","signature"
"xtfrm_signature_linter","signature"
"xtfrm_AsIs_signature_linter","signature"
"xtfrm_data_frame_signature_linter","signature"
"xtfrm_Date_signature_linter","signature"
"xtfrm_default_signature_linter","signature"
"xtfrm_difftime_signature_linter","signature"
"xtfrm_factor_signature_linter","signature"
"xtfrm_numeric_version_signature_linter","signature"
"xtfrm_POSIXct_signature_linter","signature"
"xtfrm_POSIXlt_signature_linter","signature"
"xzfile_signature_linter","signature"
"zapsmall_signature_linter","signature"
"zstdfile_signature_linter","signature"
